{
  "center": [
    -95.12149810791016,
    22.761499404907227,
    24.0
  ],
  "scale": 1653.9225000000001
}