{
  "recommended_checkpoint": "checkpoints/best_geometry.pt",
  "reason": "Le meilleur checkpoint g\u00e9om\u00e9trique est plus fiable pour la reconstruction finale.",
  "source": "geometry_monitor",
  "best_geometry": {
    "monitor_status": "ok",
    "reference_obstacle_voxels_monitor": 11354,
    "boundary_fraction": 0.017902813299232736,
    "fragmentation_ratio": 0.0,
    "occupancy_level": -1.166235089302063,
    "occupancy_level_source": "matched_reference_voxel_count",
    "target_obstacle_voxels": 11354,
    "predicted_obstacle_voxels_at_level": 12488,
    "raw_negative_fraction": 0.04316947115384615,
    "thresholded_negative_fraction": 0.007504807692307693,
    "cleaned_negative_fraction": 0.003721754807692308,
    "n_components": 782,
    "boundary_component_count": 14,
    "grounded_component_count": 50,
    "ground_touch_slices": 2,
    "min_component_voxels": 45,
    "kept_component_labels": [
      97,
      121,
      41,
      154,
      150,
      204,
      209,
      133,
      63,
      4,
      289,
      138,
      144,
      29,
      67,
      16,
      57,
      143,
      104,
      185,
      258,
      226,
      77,
      197,
      291,
      261,
      54,
      184,
      219,
      228,
      100,
      266,
      42,
      175,
      111,
      64,
      70,
      259,
      36,
      11,
      298,
      1,
      55,
      98,
      265,
      269,
      300,
      109,
      112,
      53
    ],
    "kept_component_sizes": [
      978,
      437,
      354,
      298,
      274,
      256,
      243,
      212,
      153,
      150,
      145,
      130,
      130,
      120,
      118,
      108,
      104,
      100,
      98,
      95,
      90,
      89,
      82,
      80,
      80,
      78,
      74,
      71,
      70,
      70,
      67,
      66,
      65,
      64,
      63,
      60,
      60,
      59,
      52,
      50,
      49,
      48,
      48,
      48,
      48,
      48,
      46,
      45,
      45,
      45
    ],
    "target_keep_voxels": 13057,
    "kept_total_voxels_before_morphology": 6363,
    "fallback_used": false,
    "occupancy_iou": 0.34038652509357575,
    "occupancy_precision": 0.7195220410140482,
    "occupancy_recall": 0.39246080676413597,
    "occupancy_tp": 4456,
    "occupancy_tn": 1650909,
    "occupancy_fp": 1737,
    "occupancy_fn": 6898,
    "predicted_obstacle_voxels": 6193,
    "reference_obstacle_voxels": 11354,
    "monitor_grid_nx": 160,
    "monitor_grid_ny": 160,
    "monitor_grid_nz": 65,
    "chamfer_l1_m": 127.17771300444718,
    "chamfer_l2_m2": 36661.04577882539,
    "hausdorff_approx_m": 602.1377278651237,
    "predicted_vertices": 7942,
    "predicted_faces": 15736,
    "geometry_score": 1.0010173800848772,
    "epoch": 160
  }
}