{
    "parsed_epochs":  470,
    "first_epoch":  1,
    "last_epoch":  470,
    "total_epochs_target":  500,
    "best_val_epoch":  468,
    "best_val_loss":  0.093222,
    "best_surface_epoch":  437,
    "best_surface_loss":  0.07059,
    "explicit_best_flags":  [
                                1,
                                2,
                                5,
                                6,
                                8,
                                10,
                                12,
                                13,
                                15,
                                17,
                                19,
                                21,
                                24,
                                26,
                                29,
                                32,
                                34,
                                38,
                                41,
                                43,
                                45,
                                49,
                                51,
                                58,
                                61,
                                62,
                                64,
                                83,
                                89,
                                91,
                                98,
                                100,
                                102,
                                107,
                                112,
                                114,
                                118,
                                120,
                                130,
                                132,
                                133,
                                144,
                                146,
                                155,
                                162,
                                164,
                                166,
                                173,
                                182,
                                194,
                                205,
                                209,
                                215,
                                221,
                                223,
                                225,
                                234,
                                238,
                                242,
                                244,
                                247,
                                256,
                                258,
                                268,
                                270,
                                272,
                                276,
                                285,
                                292,
                                305,
                                319,
                                328,
                                337,
                                346,
                                348,
                                350,
                                361,
                                369,
                                373,
                                390,
                                396,
                                400,
                                404,
                                424,
                                429,
                                435,
                                437
                            ]
}
