{
  "surface_level": 0.0,
  "shape": [
    1,
    1,
    65,
    321,
    321
  ],
  "dx_m": 9.990703125,
  "dy_m": 10.337015625000001,
  "dz_m": 0.75
}