{
  "matrix": [
    [
      6645605,
      5253
    ],
    [
      27309,
      19498
    ]
  ],
  "labels": {
    "x": [
      "pred_free",
      "pred_obstacle"
    ],
    "y": [
      "ref_free",
      "ref_obstacle"
    ]
  },
  "accuracy": 0.9951383056632424,
  "precision": 0.7877661508625914,
  "recall": 0.4165616253979106,
  "iou": 0.37452938916634654
}