{
  "reference_vertices": 11252,
  "reference_faces": 19816,
  "predicted_vertices": 20388,
  "predicted_faces": 40620,
  "chamfer_l1_m": 123.69040116245327,
  "chamfer_l2_m2": 39091.01469019479,
  "hausdorff_approx_m": 675.2299937400601,
  "occupancy_iou": 0.37452938916634654,
  "occupancy_precision": 0.7877661508625914,
  "occupancy_recall": 0.4165616253979106,
  "occupancy_tp": 19498,
  "occupancy_tn": 6645605,
  "occupancy_fp": 5253,
  "occupancy_fn": 27309,
  "predicted_obstacle_voxels": 24751,
  "reference_obstacle_voxels": 46807,
  "occupancy_level": -1.1512782573699951,
  "occupancy_level_source": "matched_reference_voxel_count",
  "target_obstacle_voxels": 46807,
  "predicted_obstacle_voxels_at_level": 51487,
  "raw_negative_fraction": 0.04343230066000613,
  "thresholded_negative_fraction": 0.0076873059491628795,
  "cleaned_negative_fraction": 0.0036954670023060274,
  "n_components": 2415,
  "boundary_component_count": 27,
  "grounded_component_count": 42,
  "ground_touch_slices": 2,
  "min_component_voxels": 187,
  "kept_component_labels": [
    268,
    332,
    410,
    134,
    405,
    548,
    345,
    16,
    746,
    357,
    380,
    117,
    40,
    14,
    569,
    536,
    192,
    158,
    762,
    488,
    497,
    676,
    683,
    589,
    692,
    296,
    224,
    600,
    73,
    143,
    231,
    22,
    279,
    678,
    518,
    175,
    471,
    265,
    695,
    196,
    20,
    289
  ],
  "kept_component_sizes": [
    4018,
    1582,
    1476,
    1475,
    1155,
    874,
    777,
    724,
    596,
    540,
    525,
    493,
    461,
    436,
    436,
    427,
    412,
    382,
    380,
    366,
    365,
    356,
    349,
    326,
    318,
    300,
    295,
    294,
    294,
    289,
    257,
    247,
    243,
    231,
    223,
    219,
    218,
    217,
    217,
    203,
    194,
    191
  ],
  "target_keep_voxels": 53828,
  "kept_total_voxels_before_morphology": 23381,
  "fallback_used": false
}