{
  "surface_level": 0.0,
  "shape": [
    1,
    1,
    64,
    140,
    140
  ],
  "dx_m": 21.58273381294964,
  "dy_m": 21.58273381294964,
  "dz_m": 3.1746031746031744
}