{
  "reference_vertices": 11252,
  "reference_faces": 19816,
  "predicted_vertices": 2235,
  "predicted_faces": 4382,
  "chamfer_l1_m": 295.791119436713,
  "chamfer_l2_m2": 125890.66394903423,
  "hausdorff_approx_m": 729.3927988264903,
  "occupancy_iou": 0.22102009273570325,
  "occupancy_precision": 0.6064461407972859,
  "occupancy_recall": 0.2580295922049802,
  "occupancy_tp": 715,
  "occupancy_tn": 1251165,
  "occupancy_fp": 464,
  "occupancy_fn": 2056,
  "predicted_obstacle_voxels": 1179,
  "reference_obstacle_voxels": 2771,
  "occupancy_level": -1.0490667819976807,
  "occupancy_level_source": "matched_reference_voxel_count",
  "target_obstacle_voxels": 2771,
  "predicted_obstacle_voxels_at_level": 3047,
  "raw_negative_fraction": 0.01443000637755102,
  "thresholded_negative_fraction": 0.0024290497448979593,
  "cleaned_negative_fraction": 0.0009398915816326531,
  "n_components": 689,
  "boundary_component_count": 31,
  "grounded_component_count": 28,
  "ground_touch_slices": 2,
  "min_component_voxels": 16,
  "kept_component_labels": [
    161,
    224,
    70,
    279,
    389,
    411,
    231,
    227,
    343,
    437,
    495,
    393,
    244,
    556,
    103,
    259,
    93,
    61,
    138,
    417,
    298,
    552,
    406,
    102,
    496,
    109,
    84,
    294
  ],
  "kept_component_sizes": [
    234,
    91,
    84,
    65,
    57,
    44,
    35,
    34,
    34,
    33,
    32,
    32,
    29,
    29,
    28,
    27,
    25,
    24,
    24,
    24,
    21,
    20,
    19,
    18,
    18,
    17,
    16,
    16
  ],
  "target_keep_voxels": 3187,
  "kept_total_voxels_before_morphology": 1130,
  "fallback_used": false
}