{
  "best_epoch": {
    "epoch": 163,
    "time_s": 270.58,
    "lr": "2.555e-05",
    "gpu_peak_mem_gb": 31.514,
    "train_loss": 0.007932,
    "train_loss_base": 0.002092,
    "train_mse": 0.001827,
    "train_mass": 0.002044,
    "train_solid": 0.000573,
    "train_tv": 0.000346,
    "train_loss_plume_focus": 0.001647,
    "train_loss_active_mae": 0.027958,
    "train_active_fraction": 0.000692,
    "train_high_fraction": 0.000691,
    "val_loss": 0.008158,
    "val_loss_base": 0.001719,
    "val_mse": 0.001495,
    "val_mass": 0.00171,
    "val_solid": 0.000492,
    "val_tv": 0.000308,
    "val_loss_plume_focus": 0.001787,
    "val_loss_active_mae": 0.031021,
    "val_active_fraction": 0.000538,
    "val_high_fraction": 0.000536,
    "val_rmse": 17759.1855,
    "val_mae": 58.9939,
    "val_r2": -0.000667,
    "val_rel_err": 1.194751,
    "val_plume_rmse": 727190.1875,
    "val_plume_mae": 80493.1641,
    "val_plume_r2": -0.013517,
    "val_plume_rel_err": 0.971969,
    "val_plume_voxel_fraction": 0.000596,
    "val_acc": 0.995807,
    "val_macro_f1": 0.226585,
    "val_weighted_f1": 0.997475,
    "selection_cases": 16,
    "selection_rmse": 2412.4742,
    "selection_mae": 5.337,
    "selection_plume_rmse": 134094.3862,
    "selection_plume_mae": 25344.0259,
    "selection_acc": 0.997414,
    "selection_macro_f1": 0.216985,
    "selection_weighted_f1": 0.998391,
    "selection_metric": "selection_plume_rmse",
    "selection_score": 134094.38625
  },
  "selection_metric": "selection_plume_rmse",
  "scenario_overall": {
    "n": 300,
    "rmse_mean": 7216999986.066383,
    "rmse_std": 124298023736.57137,
    "mae_mean": 3858911.1372121717,
    "mae_std": 66460655.28976372,
    "r2_mean": -2.4803332557731897e+39,
    "r2_std": 4.2888289391828228e+40,
    "rel_err_mean": 3858906726934.5386,
    "rel_err_std": 66460659195705.01,
    "plume_rmse_mean": 151560.59171417836,
    "plume_rmse_std": 854138.9865111981,
    "plume_mae_mean": 82454.40371644263,
    "plume_mae_std": 832082.4695039995,
    "plume_r2_mean": -6.988828897417098e+21,
    "plume_r2_std": 1.0356529599010791e+23,
    "plume_rel_err_mean": 1.1103992770699893,
    "plume_rel_err_std": 2.069977854300483,
    "plume_voxel_fraction_mean": 0.0003099089691987907,
    "plume_voxel_fraction_std": 0.00045388104279298167,
    "acc_mean": 0.9984494413529857,
    "acc_std": 0.002414492705787897,
    "macro_f1_mean": 0.21269925273924864,
    "macro_f1_std": 0.034778891995293534,
    "weighted_f1_mean": 0.9990376365676081,
    "weighted_f1_std": 0.001463241241097506,
    "zero_case_proxy_count": 45
  },
  "voxel_classification": {
    "acc": 0.9981513713080169,
    "macro_f1": 0.210511093726931,
    "weighted_f1": 0.9988438674722354,
    "precision_per_class": [
      0.999902712037815,
      4.963803017681997e-05,
      0.00019921906127978324,
      0.00012179852575064432,
      0.00654003089654884,
      0.16059639873626266
    ],
    "recall_per_class": [
      0.9983079568724601,
      0.016931216931216932,
      0.009586706433745207,
      0.005872680291284942,
      0.07221196028630801,
      0.5767932878641004
    ],
    "f1_per_class": [
      0.9991046980747808,
      9.898585894205769e-05,
      0.00039032683366872523,
      0.00023864753668012637,
      0.011993816137962443,
      0.2512400879195519
    ],
    "support_per_class": [
      1819539910,
      1890,
      4694,
      4257,
      34648,
      574601
    ]
  },
  "model_info": {
    "in_channels": 7,
    "base_ch": 32,
    "trainable_params": 22583457,
    "trainable_params_millions": 22.583,
    "under_2m_budget": false,
    "notes": "Accuracy-first H100 configuration with larger context, corrected wind-aware augmentation, plume-focused weighting, and full-volume validation subset selection."
  }
}